﻿<?xml version="1.0" encoding="UTF-8"?>
<addon id="script.autoruns"
       name="Autoruns"
       version="1.0.1"
       provider-name="fightnight">
    <requires>
        <import addon="xbmc.python" version="2.1.0"/> 
    </requires>
    <extension point="xbmc.python.pluginsource" library="default.py">
        <provides>executable</provides>
    </extension>
    <extension point="xbmc.addon.metadata">
        <platform>all</platform>
		<forum>http://forum.kodi.tv/showthread.php?tid=223015</forum>
		<source>https://github.com/fightnight/fightnight-addons/tree/master/script.autoruns</source>
		<summary lang="en">Disable startup services on Kodi</summary>
		<summary lang="pt">Desactive serviços do arranque no Kodi</summary>
		<description lang="en">You can disable startup services, improving Kodi internal speed.</description>
		<description lang="pt">Pode desactivar serviços do arranque, melhorando a velocidade interna do Kodi.</description>
		<disclaimer lang="en">Opensource addon not endorsed with Team Kodi.</disclaimer>
		<disclaimer lang="pt">Addon opensource não afliado com a Equipa Kodi.</disclaimer>
    </extension>
</addon>