<?xml version="1.0" encoding="UTF-8" standalone="yes"?>
<addon id="plugin.program.mrondemandwizard" name="MrOnDemand Wizard" version="2.1.0.a" provider-name="MrOnDemand">
  <requires>
    <import addon="xbmc.python" version="2.1.0"/>
  </requires>
  <extension point="xbmc.python.pluginsource" library="default.py">
    <provides>executable</provides>
  </extension>
  <extension point="xbmc.service" library="startup.py" start="startup" />
  <extension point="xbmc.addon.metadata">
    <summary lang="en">MrOnDemandWizard</summary>
    <description lang="en">MrOnDemand allows you to get access to the latest MrOnDemand Custom Builds.</description>
    <platform>all</platform>
  </extension>
</addon>