<?xml version="1.0" encoding="UTF-8"?>
<addon id="script.module.charge" name="Charge Live TV" provider-name="Mr.Blamo" version="0.0.1">
    <requires>
        <import addon="xbmc.python" version="2.1.0" />
    </requires>
    <extension library="default.py" point="xbmc.python.pluginsource">
        <provides>video</provides>
    </extension>
    <extension point="xbmc.addon.metadata">
        <summary>Charge! Live TV</summary>
        <description>CHARGE! is a new free broadcast network featuring action programming including movies, series and sports entertainment.</description>
        <platform>all</platform>
        <forum></forum>
        <website></website>
    </extension>
</addon>
