<?xml version="1.0" encoding="UTF-8" standalone="yes"?>
<addon id="script.module.tvtap" name="Tv Tap" version="1.0" provider-name="Mr.Blamo/RACC">
  <requires>
    <import addon="xbmc.python" version="2.1.0"/>
    <import addon="script.module.livestreamer" />
    <import addon="script.module.requests" />
    <import addon="script.module.routing" />
  </requires>
  <extension point="xbmc.python.pluginsource" library="addon.py">
    
  </extension>
  <extension point="xbmc.addon.metadata">
    <summary lang="en">tap tv streams Module</summary>
    <description lang="en">tap tv streams Module</description>
    <disclaimer lang="en"></disclaimer>
    <language></language>
    <platform>all</platform>
    <license></license>
    <forum></forum>
    <website></website>
    <email></email>
    <source></source>
  </extension>
</addon>
